INSERT INTO county (id, name) VALUES (1, 'Maramures');
INSERT INTO county (id, name) VALUES (2, 'Cluj');
INSERT INTO county (id, name) VALUES (3, 'Timis');
INSERT INTO city (id, name, county_id) VALUES (1, 'Baia Mare', 1);
INSERT INTO city (id, name, county_id) VALUES (2, 'Baia Sprie', 1);
INSERT INTO city (id, name, county_id) VALUES (3, 'Sighetu Marmatiei', 1);
INSERT INTO city (id, name, county_id) VALUES (4, 'Cavnic', 1);
INSERT INTO city (id, name, county_id) VALUES (5, 'Borsa', 1);
INSERT INTO city (id, name, county_id) VALUES (6, 'Cluj-Napoca', 2);
INSERT INTO city (id, name, county_id) VALUES (7, 'Gherla', 2);
INSERT INTO city (id, name, county_id) VALUES (8, 'Turda', 2);
INSERT INTO city (id, name, county_id) VALUES (9, 'Dej', 2);
INSERT INTO city (id, name, county_id) VALUES (10, 'Timisoara', 3);
INSERT INTO city (id, name, county_id) VALUES (11, 'Sannicolau Mare', 3);
INSERT INTO city (id, name, county_id) VALUES (12, 'Banloc', 3);
INSERT INTO city (id, name, county_id) VALUES (13, 'Lugoj', 3);
INSERT INTO category (id, name) VALUES (1, 'Installations');
INSERT INTO category (id, name) VALUES (2, 'Inside');
INSERT INTO category (id, name) VALUES (3, 'Outside');
INSERT INTO category (id, name) VALUES (4, 'Construction');
INSERT INTO subcategory (id, name, category_id) VALUES (1, 'Thermal installations', 1);
INSERT INTO subcategory (id, name, category_id) VALUES (2, 'Gas plant', 1);
INSERT INTO subcategory (id, name, category_id) VALUES (3, 'Radiators', 1);
INSERT INTO subcategory (id, name, category_id) VALUES (4, 'Windows and doors', 2);
INSERT INTO subcategory (id, name, category_id) VALUES (5, 'Furniture', 2);
INSERT INTO subcategory (id, name, category_id) VALUES (6, 'Interior design', 2);
INSERT INTO subcategory (id, name, category_id) VALUES (7, 'Gates', 3);
INSERT INTO subcategory (id, name, category_id) VALUES (8, 'Green area', 3);
INSERT INTO subcategory (id, name, category_id) VALUES (9, 'Trees', 3);
INSERT INTO subcategory (id, name, category_id) VALUES (10, 'External insulation', 4);
INSERT INTO subcategory (id, name, category_id) VALUES (11, 'Craftsman', 4);
INSERT INTO subcategory (id, name, category_id) VALUES (12, 'Painter', 4);